0,lonneke
1,alwin
2,cas
3,babette
4,cassandra
5,casimir
6,robin,
7,anne,
8,lisa,
9,joske
10,aniek,
11,laudi,
12,lotte,
13,jolijn,
14,femke,
15,alice,
16,evi,
17,maria,
18,renno,
19,puk,
20,zoe,
21,nina,
22,sabine,
23,eva,
24,suus,
25,jalisa,
26,judtih,
27,isabel,
28,annabel,
29,benin,
30,birgit,
31,brita,
32,eline,
33,elise,
34,emma,
35,gemma,
36,ghislaine,
37,lara,
38,misha,
39,vera,
40,bennie,
41,elloec,
42,emma,
43,josefien,
44,josje,
45,julia
46,june,
47,laurette,
48,leonoor,
49,maaike,
50,maite,
51,mylene,
52,akkemay,
53,noedeng,
54,rosa,
55,vita,
56,abe,
57,aart,
58,ace,
59,atze,
60,ake,
61,aike,
62,aiden,
63,alian,
64,faas,
65,swaan,
66,sjoerd,
67,lino,
68,mounir,
69,maarten,
70,kadir,
71,fabius,
72,falco,
73,fausto,
74,fayden,
75,fedor,
76,fedde,
77,feico,
78,ferdi,
79,ferdinand,
80,figo,
81,finch,
82,flip,
83,florentijn,
84,barry,
85,kai,
86,kalle,
87,kane,
88,karel,
89,kars,a
90,ted,
91,kartsen,
92,keyano,
93,kees,
94,kelvin,
95,kik,
96,pascal,
97,patric
98,pako,
99,pepijn,
100,pello,