eri,cra,war,
cra,eri,war,ven,mer,
war,eri,ven,cra,for,mck,
mer,ven,law,cra,but,
ven,war,cra,mer,but,cla,for,
but,mer,ven,cla,arm,all,bea,law,
law,mer,but,ven,bea,
bea,law,but,all,was,
all,bea,but,arm,wes,was,
was,bea,all,wes,fay,gre,
arm,but,cla,jef,ind,wes,all,
cla,ven,for,jef,arm,but,
for,ven,war,elk,cla,
mck,war,for,elk,cam,pot,
elk,for,mck,cam,cle,jef,
jef,cla,for,elk,cle,ind,
ind,arm,jef,cle,kam,wes,
wes,all,arm,ind,kam,som,fay,was,
gre,was,fay,
fay,gre,was,wes,som,
som,fay,wes,kam,bed,
kam,wes,ind,cle,bla,bed,som,
cle,jef,elk,cam,cli,cen,kam,ind,
cam,elk,mck,pot,cli,cle,
pot,mck,cam,cli,lyo,tio,
tio,pot,lyo,bra,
cli,pot,lyo,uni,cen,cle,cam,
lyo,pot,tio,bra,sul,col,mon,nor,uni,cli,
cen,cli,uni,mil,hun,bla,cle,
bla,kam,cen,hun,bed,
hun,bla,cen,mil,jun,fra,ful,bed,
bed,som,kam,bla,hun,ful,
ful,bed,hun,fra,
fra,ful,hun,jun,per,cum,ada,
mil,hun,cen,uni,sny,jun,
jun,hun,mil,sny,nor,per,fra,
per,jun,dau,cum,fra,
uni,cen,cli,lyo,nor,sny,mil,
nor,uni,lyo,mon,col,sch,dau,jun,
bra,tio,lyo,sul,wyo,sus,
sul,lyo,bra,wyo,luz,col,
col,lyo,sul,luz,sch,nor,mon,
sny,mil,uni,nor,jun,
mon,nor,lyo,col,
dau,per,nor,sch,leb,lan,yor,cum,
cum,fra,per,dau,yor,ada,
ada,fra,cum,yor,
yor,ada,cum,dau,lan,
lan,yor,dau,leb,ber,che,
leb,dau,sch,ber,lan,
ber,lan,leb,sch,leh,tgo,che,
sch,nor,col,luz,car,leh,ber,leb,dau,
luz,col,sul,wyo,lac,car,sch,mon,
wyo,sul,bra,sus,lac,luz,
sus,bra,wyo,lac,way,
lac,wyo,sus,way,roe,car,luz,
way,sus,lac,roe,pik,
pik,way,roe,
roe,pik,way,lac,luz,car,tha,
car,luz,roe,tha,leh,sch,
tha,roe,car,leh,buc,
leh,ber,sch,car,tha,buc,tgo,
buc,tha,leh,tgo,phi,
tgo,ber,leh,buc,phi,del,che,
che,lan,ber,tgo,del,
phi,del,tgo,buc,
del,che,tgo,phi,